;;;;;;;;;;;;;;;;;;;;;;;;;;;;;;;;;;;;;;;;;;;;;;;;;;;;;;;;;;;;;;;;;;;;;;;;;;;;;;;;;;;;;;;;;;;;;;;;;;;;;;;;;;;;;;;;;;;;;;;;;;;;;;;;;;;;;;;;;;;;;;;;;;;;;;;;;;;;;;;;;;;;;;;;;;;;;;;;;;;;;;;;;;;;;;;;;;;;;;;;;;;;;;;;;;;;;;;;;;;;;;;;;;;;;;;;;;;;;;;;;;;;;;;;;;
;TABELA 6.1 - EVOLUÇÃO MENSAL DE ESTOQUE, ADMISSÕES, DESLIGAMENTOS E SALDO POR GRUPAMENTO DE ATIVIDADES ECONÔMICAS - SÉRIE COM AJUSTES;;;;;;;;;;;;;;;;;;;;;;;;;;;;;;;;;;;;;;;;;;;;;;;;;;;;;;;;;;;;;;;;;;;;;;;;;;;;;;;;;;;;;;;;;;;;;;;;;;;;;;;;;;;;;;;;;;;;;;;;;;;;;;;;;;;;;;;;;;;;;;;;;;;;;;;;;;;;;;;;;;;;;;;;;;;;;;;;;;;;;;;;;;;;;;;;;;;;;;;;;;;;;;;;;;;;;;;;;;;;;;;;;;;;;;;;;;;;;;;;;;;;;;;;;
;;;;;;;;;;;;;;;;;;;;;;;;;;;;;;;;;;;;;;;;;;;;;;;;;;;;;;;;;;;;;;;;;;;;;;;;;;;;;;;;;;;;;;;;;;;;;;;;;;;;;;;;;;;;;;;;;;;;;;;;;;;;;;;;;;;;;;;;;;;;;;;;;;;;;;;;;;;;;;;;;;;;;;;;;;;;;;;;;;;;;;;;;;;;;;;;;;;;;;;;;;;;;;;;;;;;;;;;;;;;;;;;;;;;;;;;;;;;;;;;;;;;;;;;;;
;;;;;;;;;;;;;;;;;;;;;;;;;;;;;;;;;;;;;;;;;;;;;;;;;;;;;;;;;;;;;;;;;;;;;;;;;;;;;;;;;;;;;;;;;;;;;;;;;;;;;;;;;;;;;;;;;;;;;;;;;;;;;;;;;;;;;;;;;;;;;;;;;;;;;;;;;;;;;;;;;;;;;;;;;;;;;;;;;;;;;;;;;;;;;;;;;;;;;;;;;;;;;;;;;;;;;;;;;;;;;;;;;;;;;;;;;;;;;;;;;;;;;;;;;;
;Grupamento de Atividades Econômicas e Seção CNAE 2.0;Janeiro/2020;;;;Fevereiro/2020;;;;;Março/2020;;;;;Abril/2020;;;;;Maio/2020;;;;;Junho/2020;;;;;Julho/2020;;;;;Agosto/2020;;;;;Setembro/2020;;;;;Outubro/2020;;;;;Novembro/2020;;;;;Dezembro/2020;;;;;Janeiro/2021;;;;;Fevereiro/2021;;;;;Março/2021;;;;;Abril/2021;;;;;Maio/2021;;;;;Junho/2021;;;;;Julho/2021;;;;;Agosto/2021;;;;;Setembro/2021;;;;;Outubro/2021;;;;;Novembro/2021;;;;;Dezembro/2021;;;;;Janeiro/2022;;;;;Fevereiro/2022;;;;;Março/2022;;;;;Abril/2022;;;;;Maio/2022;;;;;Junho/2022;;;;;Julho/2022;;;;;Agosto/2022;;;;;Setembro/2022;;;;;Outubro/2022;;;;;Novembro/2022;;;;;Dezembro/2022;;;;;Janeiro/2023;;;;;Fevereiro/2023;;;;;Março/2023;;;;;Abril/2023;;;;;Maio/2023;;;;;Junho/2023;;;;;Julho/2023;;;;;Agosto/2023;;;;;Setembro/2023;;;;;Outubro/2023;;;;;Novembro/2023;;;;;Acumulado do Ano (2023);;;;Últimos 12 Meses** (Dez/22 a Nov/23) - com ajuste;;;;;;;;;;
;;Estoque;Admissões;Desligamentos;Saldos;Estoque;Admissões;Desligamentos;Saldos;Variação Relativa (%);Estoque;Admissões;Desligamentos;Saldos;Variação Relativa (%);Estoque;Admissões;Desligamentos;Saldos;Variação Relativa (%);Estoque;Admissões;Desligamentos;Saldos;Variação Relativa (%);Estoque;Admissões;Desligamentos;Saldos;Variação Relativa (%);Estoque;Admissões;Desligamentos;Saldos;Variação Relativa (%);Estoque;Admissões;Desligamentos;Saldos;Variação Relativa (%);Estoque;Admissões;Desligamentos;Saldos;Variação Relativa (%);Estoque;Admissões;Desligamentos;Saldos;Variação Relativa (%);Estoque;Admissões;Desligamentos;Saldos;Variação Relativa (%);Estoque;Admissões;Desligamentos;Saldos;Variação Relativa (%);Estoque;Admissões;Desligamentos;Saldos;Variação Relativa (%);Estoque;Admissões;Desligamentos;Saldos;Variação Relativa (%);Estoque;Admissões;Desligamentos;Saldos;Variação Relativa (%);Estoque;Admissões;Desligamentos;Saldos;Variação Relativa (%);Estoque;Admissões;Desligamentos;Saldos;Variação Relativa (%);Estoque;Admissões;Desligamentos;Saldos;Variação Relativa (%);Estoque;Admissões;Desligamentos;Saldos;Variação Relativa (%);Estoque;Admissões;Desligamentos;Saldos;Variação Relativa (%);Estoque;Admissões;Desligamentos;Saldos;Variação Relativa (%);Estoque;Admissões;Desligamentos;Saldos;Variação Relativa (%);Estoque;Admissões;Desligamentos;Saldos;Variação Relativa (%);Estoque;Admissões;Desligamentos;Saldos;Variação Relativa (%);Estoque;Admissões;Desligamentos;Saldos;Variação Relativa (%);Estoque;Admissões;Desligamentos;Saldos;Variação Relativa (%);Estoque;Admissões;Desligamentos;Saldos;Variação Relativa (%);Estoque;Admissões;Desligamentos;Saldos;Variação Relativa (%);Estoque;Admissões;Desligamentos;Saldos;Variação Relativa (%);Estoque;Admissões;Desligamentos;Saldos;Variação Relativa (%);Estoque;Admissões;Desligamentos;Saldos;Variação Relativa (%);Estoque;Admissões;Desligamentos;Saldos;Variação Relativa (%);Estoque;Admissões;Desligamentos;Saldos;Variação Relativa (%);Estoque;Admissões;Desligamentos;Saldos;Variação Relativa (%);Estoque;Admissões;Desligamentos;Saldos;Variação Relativa (%);"Estoque****
(Estoque de referência de 2023)";Admissões;Desligamentos;Saldos;Variação Relativa (%);Estoque;Admissões;Desligamentos;Saldos;Variação Relativa (%);Estoque;Admissões;Desligamentos;Saldos;Variação Relativa (%);Estoque;Admissões;Desligamentos;Saldos;Variação Relativa (%);Estoque;Admissões;Desligamentos;Saldos;Variação Relativa (%);Estoque;Admissões;Desligamentos;Saldos;Variação Relativa (%);Estoque;Admissões;Desligamentos;Saldos;Variação Relativa (%);Estoque;Admissões;Desligamentos;Saldos;Variação Relativa (%);Estoque;Admissões;Desligamentos;Saldos;Variação Relativa (%);Estoque;Admissões;Desligamentos;Saldos;Variação Relativa (%);Estoque;Admissões;Desligamentos;Saldos;Variação Relativa (%);Estoque;Admissões;Desligamentos;Saldos;Variação Relativa (%);Admissões;Desligamentos;Saldos;Variação Relativa (%);Admissões;Desligamentos;Saldos;Variação Relativa (%);;;;;;;
;Total;37.955.239;1.510.234;1.398.196;112.038;38.172.501;1.613.868;1.396.606;217.262;0,57;37.877.436;1.459.611;1.754.676;-295.065;-0,77;36.895.827;664.881;1.646.490;-981.609;-2,59;36.497.433;761.830;1.160.224;-398.394;-1,08;36.443.943;962.370;1.015.860;-53.490;-0,15;36.552.319;1.177.212;1.068.836;108.376;0,30;36.766.816;1.329.029;1.114.532;214.497;0,59;37.066.348;1.490.816;1.191.284;299.532;0,81;37.432.277;1.662.678;1.296.749;365.929;0,99;37.808.551;1.655.620;1.279.346;376.274;1,01;37.651.185;1.335.640;1.493.006;-157.366;-0,42;37.905.459;1.711.128;1.456.854;254.274;0,68;38.303.161;1.864.021;1.466.319;397.702;1,05;38.456.733;1.759.178;1.605.606;153.572;0,40;38.546.706;1.503.085;1.413.112;89.973;0,23;38.813.131;1.651.518;1.385.093;266.425;0,69;39.131.109;1.698.787;1.380.809;317.978;0,82;39.437.930;1.766.060;1.459.239;306.821;0,78;39.825.750;1.918.104;1.530.284;387.820;0,98;40.155.860;1.890.565;1.560.455;330.110;0,83;40.408.505;1.841.934;1.589.289;252.645;0,63;40.722.577;1.861.712;1.547.640;314.072;0,78;40.431.085;1.480.016;1.771.508;-291.492;-0,72;40.598.629;1.851.236;1.683.692;167.544;0,41;40.952.338;2.089.570;1.735.861;353.709;0,87;41.051.418;2.002.706;1.903.626;99.080;0,24;41.257.086;1.887.176;1.681.508;205.668;0,50;41.534.932;2.002.057;1.724.211;277.846;0,67;41.820.081;1.933.711;1.648.562;285.149;0,69;42.045.251;1.922.927;1.697.757;225.170;0,54;42.333.691;2.085.346;1.796.906;288.440;0,69;42.611.792;1.952.640;1.674.539;278.101;0,66;42.772.137;1.819.286;1.658.941;160.345;0,38;42.899.969;1.773.722;1.645.890;127.832;0,30;42.444.425;1.408.686;1.864.230;-455.544;-1,06;42.531.110;1.915.378;1.828.693;86.685;0,20;42.782.356;1.988.409;1.737.163;251.246;0,59;42.975.982;2.203.062;2.009.436;193.626;0,45;43.157.732;1.898.420;1.716.670;181.750;0,42;43.313.794;2.022.923;1.866.861;156.062;0,36;43.471.009;1.934.840;1.777.625;157.215;0,36;43.614.286;1.900.535;1.757.258;143.277;0,33;43.835.028;2.113.343;1.892.601;220.742;0,51;44.040.386;1.936.104;1.730.746;205.358;0,47;44.228.795;1.955.460;1.767.051;188.409;0,43;44.358.892;1.866.752;1.736.655;130.097;0,29;21.735.226;19.820.759;1.914.467;4,51;23.143.912;21.684.989;1.458.923;3,40;;;;;;;
;Agricultura, pecuária, produção florestal, pesca e aquicultura;1.455.578;80.143;63.468;16.675;1.457.674;79.983;77.887;2.096;0,14;1.450.255;76.559;83.978;-7.419;-0,51;1.441.851;57.215;65.619;-8.404;-0,58;1.456.821;75.508;60.538;14.970;1,04;1.494.579;90.079;52.321;37.758;2,59;1.515.860;79.421;58.140;21.281;1,42;1.523.447;71.922;64.335;7.587;0,50;1.528.746;75.372;70.073;5.299;0,35;1.524.389;72.470;76.827;-4.357;-0,29;1.504.737;64.336;83.988;-19.652;-1,29;1.475.659;52.533;81.611;-29.078;-1,93;1.512.103;103.888;67.444;36.444;2,47;1.537.006;102.684;77.781;24.903;1,65;1.540.360;103.210;99.856;3.354;0,22;1.550.614;97.699;87.445;10.254;0,67;1.588.799;118.131;79.946;38.185;2,46;1.628.113;117.070;77.756;39.314;2,47;1.653.817;104.579;78.875;25.704;1,58;1.664.411;94.252;83.658;10.594;0,64;1.675.448;100.335;89.298;11.037;0,66;1.669.204;90.021;96.265;-6.244;-0,37;1.649.755;78.015;97.464;-19.449;-1,17;1.621.767;65.288;93.276;-27.988;-1,70;1.647.362;110.227;84.632;25.595;1,58;1.665.285;107.860;89.937;17.923;1,09;1.646.453;101.378;120.210;-18.832;-1,13;1.646.340;98.445;98.558;-113;-0,01;1.674.615;124.234;95.959;28.275;1,72;1.710.688;126.126;90.053;36.073;2,15;1.726.923;106.046;89.811;16.235;0,95;1.734.958;105.609;97.574;8.035;0,47;1.744.670;101.959;92.247;9.712;0,56;1.742.843;92.664;94.491;-1.827;-0,10;1.723.904;81.340;100.279;-18.939;-1,09;1.685.584;64.618;102.938;-38.320;-2,22;1.709.824;113.880;89.640;24.240;1,44;1.726.138;106.155;89.841;16.314;0,95;1.724.639;119.051;120.550;-1.499;-0,09;1.725.802;105.164;104.001;1.163;0,07;1.745.340;129.643;110.105;19.538;1,13;1.772.853;127.078;99.565;27.513;1,58;1.786.017;105.165;92.001;13.164;0,74;1.791.111;105.784;100.690;5.094;0,29;1.797.036;98.437;92.512;5.925;0,33;1.795.357;95.093;96.772;-1.679;-0,09;1.774.340;81.983;103.000;-21.017;-1,17;1.187.433;1.098.677;88.756;5,27;1.252.051;1.201.615;50.436;2,93;;;;;;;
;Indústria geral;7.623.521;254.998;197.160;57.838;7.664.760;266.792;225.553;41.239;0,54;7.619.408;237.853;283.205;-45.352;-0,59;7.403.149;100.691;316.950;-216.259;-2,84;7.295.645;106.384;213.888;-107.504;-1,45;7.286.818;152.078;160.905;-8.827;-0,12;7.336.955;215.528;165.391;50.137;0,69;7.426.944;263.733;173.744;89.989;1,23;7.538.374;306.885;195.455;111.430;1,50;7.621.926;296.797;213.245;83.552;1,11;7.666.655;263.408;218.679;44.729;0,59;7.614.386;180.598;232.867;-52.269;-0,68;7.705.501;313.009;221.894;91.115;1,20;7.798.916;337.359;243.944;93.415;1,21;7.836.097;306.197;269.016;37.181;0,48;7.851.078;252.851;237.870;14.981;0,19;7.893.751;266.240;223.567;42.673;0,54;7.944.738;269.516;218.529;50.987;0,65;8.002.663;288.073;230.148;57.925;0,73;8.076.257;319.748;246.154;73.594;0,92;8.152.406;319.009;242.860;76.149;0,94;8.177.990;278.564;252.980;25.584;0,31;8.183.679;252.513;246.824;5.689;0,07;8.089.239;170.041;264.481;-94.440;-1,15;8.142.161;292.260;239.338;52.922;0,65;8.186.042;319.486;275.605;43.881;0,54;8.191.429;311.917;306.530;5.387;0,07;8.217.831;288.280;261.878;26.402;0,32;8.263.741;312.289;266.379;45.910;0,56;8.305.925;296.480;254.296;42.184;0,51;8.356.258;305.848;255.515;50.333;0,61;8.408.769;326.783;274.272;52.511;0,63;8.464.701;307.964;252.032;55.932;0,67;8.479.388;266.394;251.707;14.687;0,17;8.453.044;231.604;257.948;-26.344;-0,31;8.337.835;158.267;273.476;-115.209;-1,36;8.372.062;300.179;265.952;34.227;0,41;8.412.227;308.397;268.232;40.165;0,48;8.433.281;338.016;316.962;21.054;0,25;8.452.413;294.499;275.367;19.132;0,23;8.460.957;308.042;299.498;8.544;0,10;8.473.087;290.607;278.477;12.130;0,14;8.494.612;292.989;271.464;21.525;0,25;8.525.762;329.043;297.893;31.150;0,37;8.568.351;303.395;260.806;42.589;0,50;8.589.123;287.222;266.450;20.772;0,24;8.576.212;250.561;263.472;-12.911;-0,15;3.302.950;3.064.573;238.377;2,86;3.461.217;3.338.049;123.168;1,46;;;;;;;
;Indústrias Extrativas;218.516;3.499;3.401;98;219.773;4.676;3.419;1.257;0,58;219.585;3.823;4.011;-188;-0,09;218.198;2.086;3.473;-1.387;-0,63;217.658;2.636;3.176;-540;-0,25;218.217;3.608;3.049;559;0,26;219.099;4.212;3.330;882;0,40;219.989;4.518;3.628;890;0,41;220.881;4.753;3.861;892;0,41;222.111;4.845;3.615;1.230;0,56;223.203;4.536;3.444;1.092;0,49;222.529;3.428;4.102;-674;-0,30;224.058;5.013;3.484;1.529;0,69;226.428;5.801;3.431;2.370;1,06;227.867;5.697;4.258;1.439;0,64;230.211;5.906;3.562;2.344;1,03;232.718;6.316;3.809;2.507;1,09;235.100;6.096;3.714;2.382;1,02;237.574;6.598;4.124;2.474;1,05;239.300;6.129;4.403;1.726;0,73;240.771;6.059;4.588;1.471;0,61;241.813;5.397;4.355;1.042;0,43;242.198;4.737;4.352;385;0,16;241.034;3.672;4.836;-1.164;-0,48;241.536;4.565;4.063;502;0,21;243.418;6.210;4.328;1.882;0,78;244.243;5.569;4.744;825;0,34;245.761;5.828;4.310;1.518;0,62;247.280;6.152;4.633;1.519;0,62;248.634;5.736;4.382;1.354;0,55;250.202;6.015;4.447;1.568;0,63;251.467;6.292;5.027;1.265;0,51;252.524;5.919;4.862;1.057;0,42;253.226;5.845;5.143;702;0,28;253.969;5.679;4.936;743;0,29;253.623;4.213;4.559;-346;-0,14;254.000;5.180;4.803;377;0,15;255.338;5.819;4.481;1.338;0,53;256.904;6.784;5.218;1.566;0,61;259.384;6.984;4.504;2.480;0,97;262.004;7.612;4.992;2.620;1,01;263.843;7.192;5.353;1.839;0,70;265.064;6.343;5.122;1.221;0,46;266.120;6.577;5.521;1.056;0,40;266.876;6.141;5.385;756;0,28;267.976;5.759;4.659;1.100;0,41;268.260;4.995;4.711;284;0,11;69.386;54.749;14.637;5,77;73.599;59.308;14.291;5,63;;;;;;;
;Indústrias de Transformação;6.932.307;243.046;185.558;57.488;6.970.223;251.512;213.596;37.916;0,55;6.924.498;225.017;270.742;-45.725;-0,66;6.712.705;94.178;305.971;-211.793;-3,06;6.608.063;98.752;203.394;-104.642;-1,56;6.600.376;143.215;150.902;-7.687;-0,12;6.649.903;204.637;155.110;49.527;0,75;6.737.332;251.150;163.721;87.429;1,31;6.846.302;293.368;184.398;108.970;1,62;6.925.891;281.952;202.363;79.589;1,16;6.968.574;249.931;207.248;42.683;0,62;6.919.396;170.204;219.382;-49.178;-0,71;7.007.259;297.841;209.978;87.863;1,27;7.095.048;319.951;232.162;87.789;1,25;7.129.781;289.248;254.515;34.733;0,49;7.142.319;236.531;223.993;12.538;0,18;7.180.005;248.371;210.685;37.686;0,53;7.225.697;251.861;206.169;45.692;0,64;7.278.908;270.649;217.438;53.211;0,74;7.348.924;302.281;232.265;70.016;0,96;7.421.899;301.722;228.747;72.975;0,99;7.444.794;261.414;238.519;22.895;0,31;7.448.540;236.241;232.495;3.746;0,05;7.358.084;156.491;246.947;-90.456;-1,21;7.408.287;276.199;225.996;50.203;0,68;7.446.505;298.994;260.776;38.218;0,52;7.449.195;292.837;290.147;2.690;0,04;7.471.604;269.898;247.489;22.409;0,30;7.512.988;292.457;251.073;41.384;0,55;7.551.269;277.315;239.034;38.281;0,51;7.597.467;287.281;241.083;46.198;0,61;7.646.468;307.388;258.387;49.001;0,64;7.699.824;290.818;237.462;53.356;0,70;7.713.328;249.544;236.040;13.504;0,18;7.686.214;215.415;242.529;-27.114;-0,35;7.572.140;144.570;258.644;-114.074;-1,48;7.606.165;283.487;249.462;34.025;0,45;7.643.226;289.408;252.347;37.061;0,49;7.661.268;317.496;299.454;18.042;0,24;7.675.865;274.692;260.095;14.597;0,19;7.681.574;287.920;282.211;5.709;0,07;7.691.264;271.585;261.895;9.690;0,13;7.709.746;273.705;255.223;18.482;0,24;7.737.899;308.263;280.110;28.153;0,37;7.779.458;285.939;244.380;41.559;0,54;7.797.535;269.407;251.330;18.077;0,23;7.783.400;234.514;248.649;-14.135;-0,18;3.096.416;2.885.156;211.260;2,79;3.240.986;3.143.800;97.186;1,26;;;;;;;
;Eletricidade e Gás;128.162;1.283;1.690;-407;128.419;1.638;1.381;257;0,20;128.434;1.368;1.353;15;0,01;128.489;723;668;55;0,04;128.528;803;764;39;0,03;128.238;888;1.178;-290;-0,23;128.272;1.099;1.065;34;0,03;128.341;1.185;1.116;69;0,05;128.496;1.402;1.247;155;0,12;128.972;1.614;1.138;476;0,37;129.278;1.619;1.313;306;0,24;128.949;1.198;1.527;-329;-0,25;129.445;1.727;1.231;496;0,38;129.826;1.867;1.486;381;0,29;129.485;1.644;1.985;-341;-0,26;129.919;1.964;1.530;434;0,34;130.139;1.702;1.482;220;0,17;130.878;2.111;1.372;739;0,57;131.263;1.826;1.441;385;0,29;131.625;2.025;1.663;362;0,28;131.840;2.137;1.922;215;0,16;131.914;1.883;1.809;74;0,06;131.682;1.717;1.949;-232;-0,18;131.089;1.230;1.823;-593;-0,45;131.193;1.502;1.398;104;0,08;131.126;1.686;1.753;-67;-0,05;131.321;1.662;1.467;195;0,15;131.146;1.629;1.804;-175;-0,13;131.002;1.545;1.689;-144;-0,11;131.178;1.720;1.544;176;0,13;131.653;1.703;1.228;475;0,36;131.954;1.726;1.425;301;0,23;132.255;1.675;1.374;301;0,23;132.034;1.249;1.470;-221;-0,17;132.248;1.453;1.239;214;0,16;131.199;1.068;2.117;-1.049;-0,79;131.114;1.395;1.480;-85;-0,06;131.323;1.783;1.574;209;0,16;131.404;1.732;1.651;81;0,06;131.461;1.966;1.909;57;0,04;131.664;1.805;1.602;203;0,15;131.894;1.870;1.640;230;0,17;132.475;1.990;1.409;581;0,44;132.997;2.022;1.500;522;0,39;133.345;1.829;1.481;348;0,26;133.542;1.707;1.510;197;0,15;133.967;1.759;1.334;425;0,32;19.858;17.090;2.768;2,11;20.926;19.207;1.719;1,30;;;;;;;
;Água, Esgoto, Atividades de Gestão de Resíduos e Descontaminação;344.536;7.170;6.511;659;346.345;8.966;7.157;1.809;0,53;346.891;7.645;7.099;546;0,16;343.757;3.704;6.838;-3.134;-0,90;341.396;4.193;6.554;-2.361;-0,69;339.987;4.367;5.776;-1.409;-0,41;339.681;5.580;5.886;-306;-0,09;341.282;6.880;5.279;1.601;0,47;342.695;7.362;5.949;1.413;0,41;344.952;8.386;6.129;2.257;0,66;345.600;7.322;6.674;648;0,19;343.512;5.768;7.856;-2.088;-0,60;344.739;8.428;7.201;1.227;0,36;347.614;9.740;6.865;2.875;0,83;348.964;9.608;8.258;1.350;0,39;348.629;8.450;8.785;-335;-0,10;350.889;9.851;7.591;2.260;0,65;353.063;9.448;7.274;2.174;0,62;354.918;9.000;7.145;1.855;0,53;356.408;9.313;7.823;1.490;0,42;357.896;9.091;7.603;1.488;0,42;359.469;9.870;8.297;1.573;0,44;361.259;9.818;8.028;1.790;0,50;359.032;8.648;10.875;-2.227;-0,62;361.145;9.994;7.881;2.113;0,59;364.993;12.596;8.748;3.848;1,07;366.670;11.849;10.172;1.677;0,46;369.320;10.925;8.275;2.650;0,72;372.471;12.135;8.984;3.151;0,85;374.844;11.709;9.336;2.373;0,64;376.936;10.849;8.757;2.092;0,56;378.880;11.377;9.433;1.944;0,52;380.098;9.552;8.334;1.218;0,32;380.800;9.756;9.054;702;0,18;380.613;9.057;9.244;-187;-0,05;380.873;8.416;8.156;260;0,07;380.783;10.117;10.207;-90;-0,02;382.340;11.387;9.830;1.557;0,41;383.705;12.004;10.639;1.365;0,36;385.703;10.857;8.859;1.998;0,52;385.715;10.705;10.693;12;0,00;386.086;9.960;9.589;371;0,10;387.327;10.951;9.710;1.241;0,32;388.746;12.181;10.762;1.419;0,37;388.672;9.486;9.560;-74;-0,02;390.070;10.349;8.951;1.398;0,36;390.585;9.293;8.778;515;0,13;117.290;107.578;9.712;2,55;125.706;115.734;9.972;2,62;;;;;;;
;Construção;1.922.902;154.784;119.938;34.846;1.947.877;147.097;122.122;24.975;1,30;1.929.122;133.787;152.542;-18.755;-0,96;1.854.600;64.524;139.046;-74.522;-3,86;1.830.690;91.134;115.044;-23.910;-1,29;1.845.272;119.910;105.328;14.582;0,80;1.884.700;146.178;106.750;39.428;2,14;1.934.705;158.779;108.774;50.005;2,65;1.981.551;164.204;117.358;46.846;2,42;2.016.989;166.137;130.699;35.438;1,79;2.033.570;149.146;132.565;16.581;0,82;1.982.771;100.055;150.854;-50.799;-2,50;2.027.259;174.751;130.263;44.488;2,24;2.072.750;180.787;135.296;45.491;2,24;2.097.101;175.943;151.592;24.351;1,17;2.119.417;159.100;136.784;22.316;1,06;2.141.740;169.758;147.435;22.323;1,05;2.165.887;171.744;147.597;24.147;1,13;2.196.517;180.839;150.209;30.630;1,41;2.231.969;187.535;152.083;35.452;1,61;2.258.917;180.982;154.034;26.948;1,21;2.274.681;174.854;159.090;15.764;0,70;2.283.021;169.691;161.351;8.340;0,37;2.228.027;117.377;172.371;-54.994;-2,41;2.265.251;188.397;151.173;37.224;1,67;2.305.004;198.774;159.021;39.753;1,75;2.323.909;196.213;177.308;18.905;0,82;2.349.375;183.254;157.788;25.466;1,10;2.383.248;206.667;172.794;33.873;1,44;2.413.460;196.361;166.149;30.212;1,27;2.445.764;199.653;167.349;32.304;1,34;2.481.667;214.679;178.776;35.903;1,47;2.513.312;200.774;169.129;31.645;1,28;2.518.257;177.922;172.977;4.945;0,20;2.497.936;161.289;181.610;-20.321;-0,81;2.420.734;113.426;190.628;-77.202;-3,09;2.459.425;202.285;163.594;38.691;1,60;2.481.832;185.182;162.775;22.407;0,91;2.514.134;219.579;187.277;32.302;1,30;2.541.219;187.067;159.982;27.085;1,08;2.568.830;210.388;182.777;27.611;1,09;2.589.635;199.099;178.294;20.805;0,81;2.614.948;200.853;175.540;25.313;0,98;2.642.976;219.510;191.482;28.028;1,07;2.662.915;193.278;173.339;19.939;0,75;2.674.009;191.959;180.865;11.094;0,42;2.656.709;170.865;188.165;-17.300;-0,65;2.180.065;1.944.090;235.975;9,75;2.293.491;2.134.718;158.773;6,36;;;;;;;
;"Comércio; reparação de veículos automotores e motocicletas";8.664.661;334.987;386.876;-51.889;8.673.462;360.027;351.226;8.801;0,10;8.584.980;337.124;425.606;-88.482;-1,02;8.319.747;124.532;389.765;-265.233;-3,09;8.213.432;153.318;259.633;-106.315;-1,28;8.186.140;203.128;230.420;-27.292;-0,33;8.206.678;259.770;239.232;20.538;0,25;8.250.650;296.502;252.530;43.972;0,54;8.317.110;344.258;277.798;66.460;0,81;8.427.897;421.151;310.364;110.787;1,33;8.604.084;466.163;289.976;176.187;2,09;8.650.157;382.557;336.484;46.073;0,54;8.660.339;386.877;376.695;10.182;0,12;8.728.068;424.471;356.742;67.729;0,78;8.734.826;384.247;377.489;6.758;0,08;8.737.325;325.026;322.527;2.499;0,03;8.796.628;376.816;317.513;59.303;0,68;8.873.626;399.008;322.010;76.998;0,88;8.948.810;415.138;339.954;75.184;0,85;9.030.839;441.857;359.828;82.029;0,92;9.096.272;443.412;377.979;65.433;0,72;9.166.691;453.499;383.080;70.419;0,77;9.308.037;502.376;361.030;141.346;1,54;9.314.170;403.093;396.960;6.133;0,07;9.250.181;383.283;447.272;-63.989;-0,69;9.263.622;441.862;428.421;13.441;0,15;9.254.889;444.012;452.745;-8.733;-0,09;9.285.797;429.021;398.113;30.908;0,33;9.333.704;456.527;408.620;47.907;0,52;9.382.703;443.567;394.568;48.999;0,52;9.423.706;445.269;404.266;41.003;0,44;9.468.082;473.236;428.860;44.376;0,47;9.526.939;457.727;398.870;58.857;0,62;9.578.375;450.999;399.563;51.436;0,54;9.684.643;483.273;377.005;106.268;1,11;9.667.009;394.234;411.868;-17.634;-0,18;9.614.901;410.046;462.154;-52.108;-0,54;9.616.335;426.712;425.278;1.434;0,01;9.635.079;498.955;480.211;18.744;0,19;9.664.003;430.773;401.849;28.924;0,30;9.679.455;454.263;438.811;15.452;0,16;9.700.716;444.336;423.075;21.261;0,22;9.727.529;439.738;412.925;26.813;0,28;9.769.135;486.933;445.327;41.606;0,43;9.811.885;458.361;415.611;42.750;0,44;9.862.473;477.896;427.308;50.588;0,52;9.951.179;502.406;413.700;88.706;0,90;5.030.419;4.746.249;284.170;2,94;5.424.653;5.158.117;266.536;2,75;;;;;;;
;Serviços;18.288.592;685.322;630.754;54.568;18.428.744;759.969;619.817;140.152;0,77;18.293.687;674.288;809.345;-135.057;-0,73;17.876.496;317.919;735.110;-417.191;-2,28;17.700.862;335.486;511.120;-175.634;-0,98;17.631.151;397.175;466.886;-69.711;-0,39;17.608.143;476.315;499.323;-23.008;-0,13;17.631.087;538.093;515.149;22.944;0,13;17.700.584;600.097;530.600;69.497;0,39;17.841.093;706.123;565.614;140.509;0,79;17.999.522;712.567;554.138;158.429;0,89;17.928.229;619.897;691.190;-71.293;-0,40;18.000.274;732.603;660.558;72.045;0,40;18.166.438;818.720;652.556;166.164;0,92;18.248.366;789.581;707.653;81.928;0,45;18.288.276;668.396;628.486;39.910;0,22;18.392.216;720.571;616.631;103.940;0,57;18.518.748;741.449;614.917;126.532;0,69;18.636.126;777.428;660.050;117.378;0,63;18.822.276;874.710;688.560;186.150;1,00;18.972.818;846.826;696.284;150.542;0,80;19.119.942;844.995;697.871;147.124;0,78;19.298.085;859.112;680.969;178.143;0,93;19.177.883;724.217;844.419;-120.202;-0,62;19.293.675;877.069;761.277;115.792;0,60;19.532.387;1.021.588;782.876;238.712;1,24;19.634.740;949.185;846.832;102.353;0,52;19.757.744;888.175;765.171;123.004;0,63;19.879.632;902.340;780.452;121.888;0,62;20.007.313;871.176;743.495;127.681;0,64;20.092.615;866.105;780.803;85.302;0,43;20.240.231;965.036;817.420;147.616;0,73;20.362.185;884.213;762.259;121.954;0,60;20.453.292;831.305;740.198;91.107;0,45;20.540.454;816.207;729.045;87.162;0,43;20.333.263;678.126;885.317;-207.191;-1,01;20.374.898;888.988;847.353;41.635;0,20;20.545.824;961.963;791.037;170.926;0,84;20.668.851;1.027.461;904.434;123.027;0,60;20.774.298;880.917;775.470;105.447;0,51;20.859.220;920.587;835.665;84.922;0,41;20.934.731;873.719;798.208;75.511;0,36;20.991.193;861.788;805.326;56.462;0,27;21.106.067;972.072;857.198;114.874;0,55;21.200.228;882.628;788.467;94.161;0,45;21.307.861;903.288;795.655;107.633;0,51;21.400.481;860.936;768.316;92.620;0,43;10.034.347;8.967.129;1.067.218;5,25;10.712.473;9.852.446;860.027;4,19;;;;;;;
;Transporte, armazenagem e correio;2.357.537;71.577;72.777;-1.200;2.367.321;82.379;72.595;9.784;0,42;2.359.810;79.750;87.261;-7.511;-0,32;2.302.535;38.778;96.053;-57.275;-2,43;2.271.168;38.645;70.012;-31.367;-1,36;2.259.759;50.157;61.566;-11.409;-0,50;2.254.090;62.790;68.459;-5.669;-0,25;2.251.641;68.542;70.991;-2.449;-0,11;2.260.455;77.787;68.973;8.814;0,39;2.276.489;89.475;73.441;16.034;0,71;2.291.617;89.048;73.920;15.128;0,66;2.285.325;71.375;77.667;-6.292;-0,27;2.284.811;77.281;77.795;-514;-0,02;2.294.954;91.112;80.969;10.143;0,44;2.306.057;93.689;82.586;11.103;0,48;2.309.106;82.829;79.780;3.049;0,13;2.315.856;83.649;76.899;6.750;0,29;2.328.890;86.387;73.353;13.034;0,56;2.342.187;92.798;79.501;13.297;0,57;2.361.624;98.446;79.009;19.437;0,83;2.379.724;100.352;82.252;18.100;0,77;2.392.989;98.073;84.808;13.265;0,56;2.409.026;100.109;84.072;16.037;0,67;2.395.956;78.936;92.006;-13.070;-0,54;2.401.189;91.307;86.074;5.233;0,22;2.415.521;107.779;93.447;14.332;0,60;2.429.683;108.370;94.208;14.162;0,59;2.445.234;104.729;89.178;15.551;0,64;2.459.479;107.532;93.287;14.245;0,58;2.476.606;103.839;86.712;17.127;0,70;2.489.924;100.137;86.819;13.318;0,54;2.504.321;107.632;93.235;14.397;0,58;2.518.714;100.475;86.082;14.393;0,57;2.528.766;95.900;85.848;10.052;0,40;2.539.066;95.807;85.507;10.300;0,41;2.519.652;76.235;95.649;-19.414;-0,76;2.522.340;94.607;91.919;2.688;0,11;2.539.572;106.784;89.552;17.232;0,68;2.562.941;121.454;98.085;23.369;0,92;2.579.029;104.659;88.571;16.088;0,63;2.586.293;107.583;100.319;7.264;0,28;2.597.427;103.246;92.112;11.134;0,43;2.606.411;100.049;91.065;8.984;0,35;2.619.022;110.008;97.397;12.611;0,48;2.631.648;102.099;89.473;12.626;0,48;2.646.994;106.171;90.825;15.346;0,58;2.658.618;101.199;89.575;11.624;0,44;1.157.859;1.018.893;138.966;5,52;1.234.094;1.114.542;119.552;4,71;;;;;;;
;Alojamento e alimentação;1.856.849;102.765;98.662;4.103;1.869.535;108.244;95.558;12.686;0,68;1.773.383;77.750;173.902;-96.152;-5,14;1.623.578;13.895;163.700;-149.805;-8,45;1.559.452;15.610;79.736;-64.126;-3,95;1.516.938;19.517;62.031;-42.514;-2,73;1.486.128;28.817;59.627;-30.810;-2,03;1.466.280;42.160;62.008;-19.848;-1,34;1.468.732;60.395;57.943;2.452;0,17;1.493.609;88.005;63.128;24.877;1,69;1.528.485;97.005;62.129;34.876;2,34;1.548.177;88.229;68.537;19.692;1,29;1.551.911;92.260;88.526;3.734;0,24;1.567.180;98.522;83.253;15.269;0,98;1.528.482;65.460;104.158;-38.698;-2,47;1.499.009;49.908;79.381;-29.473;-1,93;1.504.361;71.600;66.248;5.352;0,36;1.523.554;81.945;62.752;19.193;1,28;1.552.386;97.645;68.813;28.832;1,89;1.587.377;117.223;82.232;34.991;2,25;1.620.570;118.776;85.583;33.193;2,09;1.654.348;121.824;88.046;33.778;2,08;1.691.099;123.887;87.136;36.751;2,22;1.710.377;113.530;94.252;19.278;1,14;1.713.211;106.848;104.014;2.834;0,17;1.734.954;123.568;101.825;21.743;1,27;1.740.372;118.820;113.402;5.418;0,31;1.760.094;120.362;100.640;19.722;1,13;1.781.533;124.818;103.379;21.439;1,22;1.799.903;116.466;98.096;18.370;1,03;1.813.083;117.302;104.122;13.180;0,73;1.830.621;127.192;109.654;17.538;0,97;1.848.729;123.146;105.038;18.108;0,99;1.864.085;120.041;104.685;15.356;0,83;1.885.553;121.625;100.157;21.468;1,15;1.885.009;105.363;105.907;-544;-0,03;1.883.637;116.752;118.124;-1.372;-0,07;1.899.568;127.598;111.667;15.931;0,85;1.911.487;139.634;127.715;11.919;0,63;1.921.163;118.479;108.803;9.676;0,51;1.926.724;121.772;116.211;5.561;0,29;1.940.004;120.881;107.601;13.280;0,69;1.949.782;119.831;110.053;9.778;0,50;1.964.414;133.335;118.703;14.632;0,75;1.980.948;127.902;111.368;16.534;0,84;1.991.822;127.148;116.274;10.874;0,55;2.006.726;124.769;109.865;14.904;0,75;1.378.101;1.256.384;121.717;6,46;1.483.464;1.362.291;121.173;6,43;;;;;;;
;Informação, comunicação e atividades financeiras, imobiliárias, profissionais e administrativas;7.728.817;345.485;314.803;30.682;7.759.960;333.353;302.210;31.143;0,40;7.716.096;344.647;388.511;-43.864;-0,57;7.566.577;175.470;324.989;-149.519;-1,94;7.515.806;193.650;244.421;-50.771;-0,67;7.521.602;235.414;229.618;5.796;0,08;7.554.914;279.280;245.968;33.312;0,44;7.606.644;307.507;255.777;51.730;0,68;7.670.766;341.745;277.623;64.122;0,84;7.765.825;396.507;301.448;95.059;1,24;7.860.669;398.563;303.719;94.844;1,22;7.851.433;343.559;352.795;-9.236;-0,12;7.900.880;393.040;343.593;49.447;0,63;7.966.079;399.951;334.752;65.199;0,83;8.014.718;408.695;360.056;48.639;0,61;8.043.550;360.190;331.358;28.832;0,36;8.099.140;392.074;336.484;55.590;0,69;8.163.208;401.535;337.467;64.068;0,79;8.226.157;417.068;354.119;62.949;0,77;8.305.440;443.545;364.262;79.283;0,96;8.370.414;432.466;367.492;64.974;0,78;8.439.491;445.926;376.849;69.077;0,83;8.541.474;468.222;366.239;101.983;1,21;8.519.014;399.867;422.327;-22.460;-0,26;8.577.999;455.587;396.602;58.985;0,69;8.636.568;456.032;397.463;58.569;0,68;8.664.096;465.100;437.572;27.528;0,32;8.704.960;439.869;399.005;40.864;0,47;8.752.678;453.611;405.893;47.718;0,55;8.817.053;449.065;384.690;64.375;0,74;8.854.061;444.475;407.467;37.008;0,42;8.917.060;481.997;418.998;62.999;0,71;8.975.977;458.384;399.467;58.917;0,66;9.024.901;439.865;390.941;48.924;0,55;9.074.258;443.045;393.688;49.357;0,55;9.028.995;374.136;419.399;-45.263;-0,50;9.043.963;458.768;443.800;14.968;0,17;9.070.659;429.054;402.358;26.696;0,30;9.102.898;502.899;470.660;32.239;0,36;9.134.110;439.796;408.584;31.212;0,34;9.172.188;476.003;437.925;38.078;0,42;9.211.140;455.884;416.932;38.952;0,42;9.237.898;448.578;421.820;26.758;0,29;9.280.000;489.400;447.298;42.102;0,46;9.318.862;456.490;417.628;38.862;0,42;9.382.091;486.919;423.690;63.229;0,68;9.444.562;475.043;412.572;62.471;0,67;5.118.834;4.703.267;415.567;4,60;5.492.970;5.122.666;370.304;4,08;;;;;;;
;Informação e Comunicação;936.939;32.537;27.760;4.777;940.406;30.457;26.990;3.467;0,37;939.990;30.571;30.987;-416;-0,04;925.045;12.245;27.190;-14.945;-1,59;919.528;13.978;19.495;-5.517;-0,60;920.820;19.834;18.542;1.292;0,14;924.305;23.986;20.501;3.485;0,38;929.939;28.005;22.371;5.634;0,61;938.647;32.852;24.144;8.708;0,94;951.937;39.249;25.959;13.290;1,42;952.564;32.894;32.267;627;0,07;954.518;27.460;25.506;1.954;0,21;960.508;36.645;30.655;5.990;0,63;970.196;38.512;28.824;9.688;1,01;981.781;43.203;31.618;11.585;1,19;991.639;39.842;29.984;9.858;1,00;1.002.328;41.151;30.462;10.689;1,08;1.014.534;43.795;31.589;12.206;1,22;1.025.526;44.285;33.293;10.992;1,08;1.036.790;45.071;33.807;11.264;1,10;1.046.521;44.701;34.970;9.731;0,94;1.057.368;45.122;34.275;10.847;1,04;1.068.907;44.390;32.851;11.539;1,09;1.073.189;37.138;32.856;4.282;0,40;1.080.412;44.306;37.083;7.223;0,67;1.088.708;45.551;37.255;8.296;0,77;1.097.498;47.984;39.194;8.790;0,81;1.105.933;44.914;36.479;8.435;0,77;1.114.198;45.775;37.510;8.265;0,75;1.122.905;45.916;37.209;8.707;0,78;1.127.890;42.182;37.197;4.985;0,44;1.134.603;44.951;38.238;6.713;0,60;1.142.470;44.472;36.605;7.867;0,69;1.144.394;39.861;37.937;1.924;0,17;1.146.333;37.459;35.520;1.939;0,17;1.142.788;27.583;31.128;-3.545;-0,31;1.143.485;38.077;37.380;697;0,06;1.142.398;33.685;34.772;-1.087;-0,10;1.143.341;39.912;38.969;943;0,08;1.145.613;36.597;34.325;2.272;0,20;1.148.506;39.679;36.786;2.893;0,25;1.148.352;36.755;36.909;-154;-0,01;1.150.712;36.332;33.972;2.360;0,21;1.151.282;38.913;38.343;570;0,05;1.153.212;35.709;33.779;1.930;0,17;1.156.408;37.347;34.151;3.196;0,28;1.159.539;34.413;31.282;3.131;0,27;407.419;390.668;16.751;1,47;435.002;421.796;13.206;1,15;;;;;;;
;Atividades Financeiras, de Seguros e Serviços Relacionados;961.846;15.782;13.723;2.059;963.882;15.684;13.648;2.036;0,21;965.646;16.523;14.759;1.764;0,18;959.686;5.648;11.608;-5.960;-0,62;956.210;6.179;9.655;-3.476;-0,36;954.459;7.990;9.741;-1.751;-0,18;954.036;10.475;10.898;-423;-0,04;955.198;12.606;11.444;1.162;0,12;956.364;13.880;12.714;1.166;0,12;953.014;14.960;18.310;-3.350;-0,35;954.234;16.116;14.896;1.220;0,13;954.414;13.798;13.618;180;0,02;958.849;17.743;13.308;4.435;0,46;962.018;18.411;15.242;3.169;0,33;966.208;20.222;16.032;4.190;0,44;972.759;21.070;14.519;6.551;0,68;978.202;20.457;15.014;5.443;0,56;984.142;21.665;15.725;5.940;0,61;989.849;22.428;16.721;5.707;0,58;995.804;22.997;17.042;5.955;0,60;1.001.856;23.177;17.125;6.052;0,61;1.006.918;22.899;17.837;5.062;0,51;1.012.175;21.800;16.543;5.257;0,52;1.013.590;16.855;15.440;1.415;0,14;1.017.337;20.097;16.350;3.747;0,37;1.022.925;22.050;16.462;5.588;0,55;1.025.325;20.602;18.202;2.400;0,23;1.028.912;21.552;17.965;3.587;0,35;1.031.820;21.251;18.343;2.908;0,28;1.035.440;21.219;17.599;3.620;0,35;1.038.358;20.370;17.452;2.918;0,28;1.042.580;22.131;17.909;4.222;0,41;1.046.079;20.330;16.831;3.499;0,34;1.049.422;19.473;16.130;3.343;0,32;1.052.043;17.947;15.326;2.621;0,25;1.051.044;13.422;14.421;-999;-0,09;1.052.337;20.056;18.763;1.293;0,12;1.051.541;17.136;17.932;-796;-0,08;1.050.929;19.940;20.552;-612;-0,06;1.051.217;19.243;18.955;288;0,03;1.051.393;19.655;19.479;176;0,02;1.052.495;19.685;18.583;1.102;0,10;1.054.543;20.510;18.462;2.048;0,19;1.056.921;22.365;19.987;2.378;0,23;1.059.190;20.102;17.833;2.269;0,21;1.062.793;21.143;17.540;3.603;0,34;1.065.230;18.981;16.544;2.437;0,23;218.816;204.630;14.186;1,35;232.238;219.051;13.187;1,25;;;;;;;
;Atividades Imobiliárias;160.788;6.400;5.219;1.181;162.040;6.352;5.100;1.252;0,78;162.039;5.913;5.914;-1;0,00;158.025;1.947;5.961;-4.014;-2,48;156.149;2.656;4.532;-1.876;-1,19;155.607;3.329;3.871;-542;-0,35;155.934;4.668;4.341;327;0,21;156.832;5.025;4.127;898;0,58;157.166;5.731;5.397;334;0,21;158.534;6.293;4.925;1.368;0,87;160.209;6.137;4.462;1.675;1,06;160.562;5.031;4.678;353;0,22;162.647;6.996;4.911;2.085;1,30;164.467;7.087;5.267;1.820;1,12;166.066;6.915;5.316;1.599;0,97;167.520;6.184;4.730;1.454;0,88;168.921;6.678;5.277;1.401;0,84;170.506;6.669;5.084;1.585;0,94;172.193;6.970;5.283;1.687;0,99;174.009;7.389;5.573;1.816;1,05;175.530;7.455;5.934;1.521;0,87;176.664;7.041;5.907;1.134;0,65;178.367;7.188;5.485;1.703;0,96;178.270;5.633;5.730;-97;-0,05;179.370;7.172;6.072;1.100;0,62;180.775;8.101;6.696;1.405;0,78;182.001;8.321;7.095;1.226;0,68;183.065;7.602;6.538;1.064;0,58;183.796;7.844;7.113;731;0,40;184.232;7.177;6.741;436;0,24;184.332;7.316;7.216;100;0,05;185.215;7.830;6.947;883;0,48;185.904;7.013;6.324;689;0,37;186.734;6.771;5.941;830;0,45;186.903;6.227;6.058;169;0,09;186.046;4.950;5.807;-857;-0,46;186.192;7.242;7.096;146;0,08;186.574;7.003;6.621;382;0,21;187.225;8.415;7.764;651;0,35;187.934;7.281;6.572;709;0,38;188.398;7.623;7.159;464;0,25;188.776;7.329;6.951;378;0,20;189.292;7.137;6.621;516;0,27;189.695;7.785;7.382;403;0,21;190.422;7.097;6.370;727;0,38;190.614;6.862;6.670;192;0,10;190.945;6.748;6.417;331;0,17;80.522;75.623;4.899;2,63;85.472;81.430;4.042;2,16;;;;;;;
;Atividades Profissionais, Científicas e Técnicas;1.135.617;53.564;42.475;11.089;1.143.481;49.976;42.112;7.864;0,69;1.140.123;48.986;52.344;-3.358;-0,29;1.114.740;19.351;44.734;-25.383;-2,23;1.102.056;22.648;35.332;-12.684;-1,14;1.097.270;28.215;33.001;-4.786;-0,43;1.102.477;38.805;33.598;5.207;0,47;1.114.369;45.843;33.951;11.892;1,08;1.126.909;49.251;36.711;12.540;1,13;1.141.953;55.288;40.244;15.044;1,33;1.155.177;51.711;38.487;13.224;1,16;1.148.710;40.020;46.487;-6.467;-0,56;1.167.673;62.420;43.457;18.963;1,65;1.183.091;61.300;45.882;15.418;1,32;1.198.596;65.385;49.880;15.505;1,31;1.210.003;59.181;47.774;11.407;0,95;1.224.745;63.357;48.615;14.742;1,22;1.238.816;62.480;48.409;14.071;1,15;1.252.683;66.014;52.147;13.867;1,12;1.268.689;68.342;52.336;16.006;1,28;1.282.638;67.768;53.819;13.949;1,10;1.293.622;67.402;56.418;10.984;0,86;1.307.032;66.794;53.384;13.410;1,04;1.299.097;51.620;59.555;-7.935;-0,61;1.312.367;70.112;56.842;13.270;1,02;1.326.158;71.456;57.665;13.791;1,05;1.338.459;76.733;64.432;12.301;0,93;1.349.050;70.329;59.738;10.591;0,79;1.361.637;72.943;60.356;12.587;0,93;1.373.067;68.682;57.252;11.430;0,84;1.382.558;68.341;58.850;9.491;0,69;1.396.267;75.570;61.861;13.709;0,99;1.406.249;73.049;63.067;9.982;0,71;1.416.721;68.986;58.514;10.472;0,74;1.426.024;65.798;56.495;9.303;0,66;1.415.237;50.406;61.193;-10.787;-0,76;1.425.128;74.109;64.218;9.891;0,70;1.433.845;67.906;59.189;8.717;0,61;1.442.959;80.478;71.364;9.114;0,64;1.450.739;67.295;59.515;7.780;0,54;1.455.312;71.411;66.838;4.573;0,32;1.461.363;70.189;64.138;6.051;0,42;1.467.916;70.090;63.537;6.553;0,45;1.474.089;76.495;70.322;6.173;0,42;1.482.619;70.487;61.957;8.530;0,58;1.489.187;70.392;63.824;6.568;0,44;1.494.772;66.777;61.192;5.585;0,38;785.629;706.094;79.535;5,62;836.035;767.287;68.748;4,82;;;;;;;
;Atividades Administrativas e Serviços Complementares;4.533.627;237.202;225.626;11.576;4.550.151;230.884;214.360;16.524;0,36;4.508.298;242.654;284.507;-41.853;-0,92;4.409.081;136.279;235.496;-99.217;-2,20;4.381.863;148.189;175.407;-27.218;-0,62;4.393.446;176.046;164.463;11.583;0,26;4.418.162;201.346;176.630;24.716;0,56;4.450.306;216.028;183.884;32.144;0,73;4.491.680;240.031;198.657;41.374;0,93;4.560.387;280.717;212.010;68.707;1,53;4.638.485;291.705;213.607;78.098;1,71;4.633.229;257.250;262.506;-5.256;-0,11;4.651.203;269.236;251.262;17.974;0,39;4.686.307;274.641;239.537;35.104;0,75;4.702.067;272.970;257.210;15.760;0,34;4.701.629;233.913;234.351;-438;-0,01;4.724.944;260.431;237.116;23.315;0,50;4.755.210;266.926;236.660;30.266;0,64;4.785.906;277.371;246.675;30.696;0,65;4.830.148;299.746;255.504;44.242;0,92;4.863.869;289.365;255.644;33.721;0,70;4.904.919;303.462;262.412;41.050;0,84;4.974.993;328.050;257.976;70.074;1,43;4.954.868;288.621;308.746;-20.125;-0,40;4.988.513;313.900;280.255;33.645;0,68;5.018.002;308.874;279.385;29.489;0,59;5.020.813;311.460;308.649;2.811;0,06;5.038.000;295.472;278.285;17.187;0,34;5.061.227;305.798;282.571;23.227;0,46;5.101.409;306.071;265.889;40.182;0,79;5.120.923;306.266;286.752;19.514;0,38;5.158.395;331.515;294.043;37.472;0,73;5.195.275;313.520;276.640;36.880;0,71;5.227.630;304.774;272.419;32.355;0,62;5.262.955;315.614;280.289;35.325;0,68;5.233.880;277.775;306.850;-29.075;-0,55;5.236.821;319.284;316.343;2.941;0,06;5.256.301;303.324;283.844;19.480;0,37;5.278.444;354.154;332.011;22.143;0,42;5.298.607;309.380;289.217;20.163;0,38;5.328.579;337.635;307.663;29.972;0,57;5.360.154;321.926;290.351;31.575;0,59;5.375.435;314.509;299.228;15.281;0,29;5.408.013;343.842;311.264;32.578;0,61;5.433.419;323.095;297.689;25.406;0,47;5.483.089;351.175;301.505;49.670;0,91;5.534.076;348.124;297.137;50.987;0,93;3.626.448;3.326.252;300.196;5,74;3.904.223;3.633.102;271.121;5,15;;;;;;;
;Administração pública, defesa e seguridade social, educação, saúde humana e serviços sociais;5.152.324;120.194;106.246;13.948;5.228.842;184.084;107.566;76.518;1,49;5.251.940;132.759;109.661;23.098;0,44;5.228.049;76.985;100.876;-23.891;-0,45;5.215.701;72.753;85.101;-12.348;-0,24;5.204.554;75.080;86.227;-11.147;-0,21;5.190.469;83.734;97.819;-14.085;-0,27;5.187.611;94.122;96.980;-2.858;-0,06;5.180.890;89.567;96.288;-6.721;-0,13;5.183.674;95.884;93.100;2.784;0,05;5.190.912;91.555;84.317;7.238;0,14;5.126.111;86.862;151.663;-64.801;-1,25;5.143.925;130.883;113.069;17.814;0,35;5.208.034;180.704;116.595;64.109;1,25;5.268.407;180.602;120.229;60.373;1,16;5.303.496;139.208;104.119;35.089;0,67;5.330.392;129.474;102.578;26.896;0,51;5.353.519;130.718;107.591;23.127;0,43;5.357.636;126.258;122.141;4.117;0,08;5.395.724;163.052;124.964;38.088;0,71;5.418.250;143.911;121.385;22.526;0,42;5.436.469;129.451;111.232;18.219;0,34;5.448.323;118.407;106.553;11.854;0,22;5.354.788;93.382;186.917;-93.535;-1,72;5.396.110;172.942;131.620;41.322;0,77;5.518.507;268.910;146.513;122.397;2,27;5.563.448;196.020;151.079;44.941;0,81;5.598.719;167.063;131.792;35.271;0,63;5.627.034;161.362;133.047;28.315;0,51;5.645.012;149.771;131.793;17.978;0,32;5.657.344;151.443;139.111;12.332;0,22;5.698.911;189.540;147.973;41.567;0,73;5.721.603;148.641;125.949;22.692;0,40;5.734.609;127.181;114.175;13.006;0,23;5.738.522;111.565;107.652;3.913;0,07;5.614.388;86.092;210.226;-124.134;-2,16;5.634.011;167.313;147.690;19.623;0,35;5.731.933;240.194;142.272;97.922;1,74;5.780.268;203.132;154.797;48.335;0,84;5.820.059;165.942;126.151;39.791;0,69;5.846.755;161.935;135.239;26.696;0,46;5.853.163;143.472;137.064;6.408;0,11;5.858.282;143.145;138.026;5.119;0,09;5.896.138;183.067;145.211;37.856;0,65;5.915.705;145.003;125.436;19.567;0,33;5.927.755;132.381;120.331;12.050;0,20;5.928.916;115.590;114.429;1.161;0,02;1.801.174;1.486.646;314.528;5,60;1.887.266;1.696.872;190.394;3,32;;;;;;;
;Administração Pública, Defesa e Seguridade Social;919.465;4.404;4.946;-542;930.872;16.336;4.929;11.407;1,24;934.473;8.115;4.514;3.601;0,39;934.289;2.618;2.802;-184;-0,02;934.801;3.401;2.889;512;0,05;934.166;2.596;3.231;-635;-0,07;933.738;2.730;3.158;-428;-0,05;933.445;3.409;3.702;-293;-0,03;933.255;2.353;2.543;-190;-0,02;932.629;1.937;2.563;-626;-0,07;930.116;1.788;4.301;-2.513;-0,27;913.605;1.450;17.961;-16.511;-1,78;916.726;8.806;5.685;3.121;0,34;923.929;12.068;4.865;7.203;0,79;928.081;8.714;4.562;4.152;0,45;930.169;6.284;4.196;2.088;0,22;931.762;6.620;5.027;1.593;0,17;934.372;6.658;4.048;2.610;0,28;936.675;6.431;4.128;2.303;0,25;940.599;9.321;5.397;3.924;0,42;945.721;10.223;5.101;5.122;0,54;951.535;10.219;4.405;5.814;0,61;955.440;8.091;4.186;3.905;0,41;930.991;4.283;28.732;-24.449;-2,56;941.900;17.667;6.758;10.909;1,17;971.492;40.051;10.459;29.592;3,14;985.798;21.833;7.527;14.306;1,47;993.016;14.525;7.307;7.218;0,73;998.665;12.987;7.338;5.649;0,57;1.004.640;12.834;6.859;5.975;0,60;1.011.775;14.495;7.360;7.135;0,71;1.020.265;15.878;7.388;8.490;0,84;1.025.013;10.908;6.160;4.748;0,47;1.027.818;8.119;5.314;2.805;0,27;1.029.398;6.990;5.410;1.580;0,15;994.776;5.798;40.420;-34.622;-3,36;1.003.741;21.034;12.069;8.965;0,90;1.030.108;34.453;8.086;26.367;2,63;1.041.552;19.425;7.981;11.444;1,11;1.047.879;12.597;6.270;6.327;0,61;1.051.983;11.300;7.196;4.104;0,39;1.054.233;8.370;6.120;2.250;0,21;1.054.743;7.215;6.705;510;0,05;1.056.601;8.371;6.513;1.858;0,18;1.057.191;6.814;6.224;590;0,06;1.058.262;5.746;4.675;1.071;0,10;1.057.918;4.156;4.500;-344;-0,03;139.481;76.339;63.142;6,35;145.279;116.759;28.520;2,77;;;;;;;
;Educação;1.827.762;55.515;47.032;8.483;1.882.415;102.631;47.978;54.653;2,99;1.893.561;55.036;43.890;11.146;0,59;1.866.083;9.742;37.220;-27.478;-1,45;1.844.513;8.100;29.670;-21.570;-1,16;1.821.116;9.246;32.643;-23.397;-1,27;1.798.480;13.122;35.758;-22.636;-1,24;1.788.039;22.571;33.012;-10.441;-0,58;1.777.035;20.939;31.943;-11.004;-0,62;1.777.333;25.520;25.222;298;0,02;1.774.283;21.485;24.535;-3.050;-0,17;1.722.167;13.684;65.800;-52.116;-2,94;1.714.068;37.727;45.826;-8.099;-0,47;1.744.531;79.341;48.878;30.463;1,78;1.757.123;53.286;40.694;12.592;0,72;1.761.192;35.128;31.059;4.069;0,23;1.771.044;40.320;30.468;9.852;0,56;1.773.001;36.620;34.663;1.957;0,11;1.767.692;35.414;40.723;-5.309;-0,30;1.793.651;68.798;42.839;25.959;1,47;1.809.918;54.124;37.857;16.267;0,91;1.818.789;41.461;32.590;8.871;0,49;1.821.151;33.495;31.133;2.362;0,13;1.756.941;19.696;83.906;-64.210;-3,53;1.769.041;61.675;49.575;12.100;0,69;1.838.450;126.856;57.447;69.409;3,92;1.867.169;82.530;53.811;28.719;1,56;1.884.987;62.697;44.879;17.818;0,95;1.897.594;57.415;44.808;12.607;0,67;1.897.405;48.064;48.253;-189;-0,01;1.889.509;44.117;52.013;-7.896;-0,42;1.919.188;82.197;52.518;29.679;1,57;1.932.962;55.770;41.996;13.774;0,72;1.940.118;43.306;36.150;7.156;0,37;1.937.498;32.042;34.662;-2.620;-0,14;1.860.005;17.275;94.768;-77.493;-4,00;1.865.797;63.799;58.007;5.792;0,31;1.925.336;117.344;57.805;59.539;3,19;1.948.434;81.198;58.100;23.098;1,20;1.964.485;59.718;43.667;16.051;0,82;1.974.185;56.467;46.767;9.700;0,49;1.969.667;45.954;50.472;-4.518;-0,23;1.961.034;42.830;51.463;-8.633;-0,44;1.985.790;78.153;53.397;24.756;1,26;1.995.154;52.220;42.856;9.364;0,47;1.999.783;43.222;38.593;4.629;0,23;1.995.414;32.835;37.204;-4.369;-0,22;673.740;538.331;135.409;7,28;691.015;633.099;57.916;2,99;;;;;;;
;Saúde Humana e Serviços Sociais;2.405.097;60.275;54.268;6.007;2.415.555;65.117;54.659;10.458;0,43;2.423.906;69.608;61.257;8.351;0,35;2.427.677;64.625;60.854;3.771;0,16;2.436.387;61.252;52.542;8.710;0,36;2.449.272;63.238;50.353;12.885;0,53;2.458.251;67.882;58.903;8.979;0,37;2.466.127;68.142;60.266;7.876;0,32;2.470.600;66.275;61.802;4.473;0,18;2.473.712;68.427;65.315;3.112;0,13;2.486.513;68.282;55.481;12.801;0,52;2.490.339;71.728;67.902;3.826;0,15;2.513.131;84.350;61.558;22.792;0,92;2.539.574;89.295;62.852;26.443;1,05;2.583.203;118.602;74.973;43.629;1,72;2.612.135;97.796;68.864;28.932;1,12;2.627.586;82.534;67.083;15.451;0,59;2.646.146;87.440;68.880;18.560;0,71;2.653.269;84.413;77.290;7.123;0,27;2.661.474;84.933;76.728;8.205;0,31;2.662.611;79.564;78.427;1.137;0,04;2.666.145;77.771;74.237;3.534;0,13;2.671.732;76.821;71.234;5.587;0,21;2.666.856;69.403;74.279;-4.876;-0,18;2.685.169;93.600;75.287;18.313;0,69;2.708.565;102.003;78.607;23.396;0,87;2.710.481;91.657;89.741;1.916;0,07;2.720.716;89.841;79.606;10.235;0,38;2.730.775;90.960;80.901;10.059;0,37;2.742.967;88.873;76.681;12.192;0,45;2.756.060;92.831;79.738;13.093;0,48;2.759.458;91.465;88.067;3.398;0,12;2.763.628;81.963;77.793;4.170;0,15;2.766.673;75.756;72.711;3.045;0,11;2.771.626;72.533;67.580;4.953;0,18;2.759.607;63.019;75.038;-12.019;-0,43;2.764.473;82.480;77.614;4.866;0,18;2.776.489;88.397;76.381;12.016;0,43;2.790.282;102.509;88.716;13.793;0,50;2.807.695;93.627;76.214;17.413;0,62;2.820.587;94.168;81.276;12.892;0,46;2.829.263;89.148;80.472;8.676;0,31;2.842.505;93.100;79.858;13.242;0,47;2.853.747;96.543;85.301;11.242;0,40;2.863.360;85.969;76.356;9.613;0,34;2.869.710;83.413;77.063;6.350;0,22;2.875.584;78.599;72.725;5.874;0,20;987.953;871.976;115.977;4,20;1.050.972;947.014;103.958;3,75;;;;;;;
;Serviços domésticos;518;87;91;-4;540;99;77;22;4,25;527;59;72;-13;-2,41;501;37;63;-26;-4,93;480;37;58;-21;-4,19;490;58;48;10;2,08;498;53;45;8;1,63;535;84;47;37;7,43;557;72;50;22;4,11;595;120;82;38;6,82;620;92;67;25;4,20;634;77;63;14;2,26;648;103;89;14;2,21;697;116;67;49;7,56;734;129;92;37;5,31;842;187;79;108;14,71;867;116;91;25;2,97;914;131;84;47;5,42;952;135;97;38;4,16;1.018;157;91;66;6,93;1.071;145;92;53;5,21;1.025;142;188;-46;-4,30;1.035;125;115;10;0,98;1.043;124;116;8;0,77;1.089;139;93;46;4,41;1.100;120;109;11;1,01;1.079;123;144;-21;-1,91;1.106;132;105;27;2,50;1.147;155;114;41;3,71;1.163;142;126;16;1,39;1.175;135;123;12;1,03;1.199;138;114;24;2,04;1.211;124;112;12;1,00;1.245;152;118;34;2,81;1.269;141;117;24;1,93;1.233;82;118;-36;-2,84;1.209;67;91;-24;-1,95;1.234;102;77;25;2,07;1.216;74;92;-18;-1,46;1.219;60;57;3;0,25;1.246;87;60;27;2,21;1.237;66;75;-9;-0,72;1.237;85;85;0;0,00;1.243;112;106;6;0,49;1.251;75;67;8;0,64;1.268;92;75;17;1,36;1.282;84;70;14;1,10;904;855;49;3,97;986;973;13;1,02;;;;;;;
;Outros serviços;1.192.547;45.214;38.175;7.039;1.202.546;51.810;41.811;9.999;0,84;1.191.931;39.323;49.938;-10.615;-0,88;1.155.256;12.754;49.429;-36.675;-3,08;1.138.255;14.791;31.792;-17.001;-1,47;1.127.808;16.949;27.396;-10.447;-0,92;1.122.044;21.641;27.405;-5.764;-0,51;1.118.376;25.678;29.346;-3.668;-0,33;1.119.184;30.531;29.723;808;0,07;1.120.901;36.132;34.415;1.717;0,15;1.127.219;36.304;29.986;6.318;0,56;1.116.549;29.795;40.465;-10.670;-0,95;1.118.099;39.036;37.486;1.550;0,14;1.129.494;48.315;36.920;11.395;1,02;1.129.968;41.006;40.532;474;0,04;1.132.273;36.074;33.769;2.305;0,20;1.141.600;43.658;34.331;9.327;0,82;1.148.663;40.733;33.670;7.063;0,62;1.156.808;43.524;35.379;8.145;0,71;1.171.093;52.287;38.002;14.285;1,23;1.182.789;51.176;39.480;11.696;1,00;1.195.620;49.579;36.748;12.831;1,08;1.207.128;48.362;36.854;11.508;0,96;1.196.705;38.378;48.801;-10.423;-0,86;1.204.077;50.246;42.874;7.372;0,62;1.225.737;65.179;43.519;21.660;1,80;1.236.062;60.752;50.427;10.325;0,84;1.247.631;56.020;44.451;11.569;0,94;1.257.761;54.862;44.732;10.130;0,81;1.267.576;51.893;42.078;9.815;0,78;1.277.028;52.613;43.161;9.452;0,75;1.288.119;58.537;47.446;11.091;0,87;1.295.951;53.443;45.611;7.832;0,61;1.299.686;48.166;44.431;3.735;0,29;1.301.786;44.024;41.924;2.100;0,16;1.283.986;36.218;54.018;-17.800;-1,37;1.289.738;51.481;45.729;5.752;0,45;1.302.858;58.231;45.111;13.120;1,02;1.310.041;60.268;53.085;7.183;0,55;1.318.718;51.981;43.304;8.677;0,66;1.326.014;53.207;45.911;7.296;0,55;1.331.760;50.170;44.424;5.746;0,43;1.337.583;50.100;44.277;5.823;0,44;1.345.250;56.150;48.483;7.667;0,57;1.351.814;51.059;44.495;6.564;0,49;1.357.931;50.577;44.460;6.117;0,45;1.360.377;44.251;41.805;2.446;0,18;577.475;501.084;76.391;5,95;613.693;555.102;58.591;4,50;;;;;;;
;Artes, Cultura, Esporte e Recreação;246.416;11.168;8.673;2.495;248.489;10.710;8.637;2.073;0,84;242.464;7.529;13.554;-6.025;-2,42;226.640;984;16.808;-15.824;-6,53;220.188;937;7.389;-6.452;-2,85;215.089;1.283;6.382;-5.099;-2,32;211.834;2.506;5.761;-3.255;-1,51;209.668;3.931;6.097;-2.166;-1,02;209.889;5.923;5.702;221;0,11;212.517;8.724;6.096;2.628;1,25;214.818;8.471;6.170;2.301;1,08;213.054;6.511;8.275;-1.764;-0,82;212.653;8.708;9.109;-401;-0,19;214.523;10.289;8.419;1.870;0,88;211.597;6.637;9.563;-2.926;-1,36;209.126;5.461;7.932;-2.471;-1,17;209.435;8.195;7.886;309;0,15;210.932;8.391;6.894;1.497;0,71;213.601;9.456;6.787;2.669;1,27;218.142;12.199;7.658;4.541;2,13;222.333;12.600;8.409;4.191;1,92;225.924;11.817;8.226;3.591;1,62;228.451;11.561;9.034;2.527;1,12;229.348;10.490;9.593;897;0,39;232.543;12.393;9.198;3.195;1,39;235.461;12.532;9.614;2.918;1,25;236.596;12.756;11.621;1.135;0,48;239.778;13.302;10.120;3.182;1,34;242.280;12.069;9.567;2.502;1,04;244.439;11.483;9.324;2.159;0,89;246.828;12.197;9.808;2.389;0,98;250.420;14.122;10.530;3.592;1,46;252.959;13.068;10.529;2.539;1,01;254.674;11.341;9.626;1.715;0,68;256.146;11.094;9.622;1.472;0,58;256.185;10.559;10.520;39;0,02;259.632;14.248;10.801;3.447;1,35;262.115;13.230;10.747;2.483;0,96;263.451;14.327;12.991;1.336;0,51;266.086;13.419;10.784;2.635;1,00;268.445;13.122;10.763;2.359;0,89;270.926;12.578;10.097;2.481;0,92;272.757;12.484;10.653;1.831;0,68;275.062;14.648;12.343;2.305;0,85;277.531;13.539;11.070;2.469;0,90;279.674;13.091;10.948;2.143;0,77;281.455;12.458;10.677;1.781;0,64;147.144;121.874;25.270;9,86;157.703;132.394;25.309;9,88;;;;;;;
;Outras Atividades de Serviços;943.299;33.965;29.470;4.495;951.215;41.065;33.149;7.916;0,84;946.626;31.766;36.355;-4.589;-0,48;925.807;11.761;32.580;-20.819;-2,20;915.258;13.839;24.388;-10.549;-1,14;909.929;15.651;20.980;-5.329;-0,58;907.416;19.115;21.628;-2.513;-0,28;905.910;21.732;23.238;-1.506;-0,17;906.508;24.587;23.989;598;0,07;905.593;27.383;28.298;-915;-0,10;909.605;27.812;23.800;4.012;0,44;900.702;23.261;32.164;-8.903;-0,98;902.647;30.298;28.353;1.945;0,22;912.166;38.000;28.481;9.519;1,05;915.550;34.336;30.952;3.384;0,37;920.303;30.568;25.815;4.753;0,52;929.301;35.425;26.427;8.998;0,98;934.855;32.306;26.752;5.554;0,60;940.310;34.023;28.568;5.455;0,58;950.050;40.053;30.313;9.740;1,04;957.540;38.541;31.051;7.490;0,79;966.765;37.724;28.499;9.225;0,96;975.728;36.757;27.794;8.963;0,93;964.409;27.857;39.176;-11.319;-1,16;968.587;37.811;33.633;4.178;0,43;987.319;52.591;33.859;18.732;1,93;996.469;47.923;38.773;9.150;0,93;1.004.847;42.674;34.296;8.378;0,84;1.012.466;42.746;35.127;7.619;0,76;1.020.115;40.362;32.713;7.649;0,76;1.027.170;40.367;33.312;7.055;0,69;1.034.659;44.359;36.870;7.489;0,73;1.039.958;40.320;35.021;5.299;0,51;1.041.987;36.781;34.752;2.029;0,20;1.042.607;32.881;32.261;620;0,06;1.024.764;25.607;43.450;-17.843;-1,71;1.027.083;37.193;34.874;2.319;0,23;1.037.722;44.968;34.329;10.639;1,04;1.043.574;45.890;40.038;5.852;0,56;1.049.611;38.510;32.473;6.037;0,58;1.054.538;40.023;35.096;4.927;0,47;1.057.794;37.545;34.289;3.256;0,31;1.061.768;37.556;33.582;3.974;0,38;1.067.116;41.445;36.097;5.348;0,50;1.071.180;37.462;33.398;4.064;0,38;1.075.161;37.447;33.466;3.981;0,37;1.075.815;31.739;31.085;654;0,06;429.778;378.727;51.051;4,98;455.385;422.177;33.208;3,19;;;;;;;
;Organismos Internacionais e Outras Instituições Extraterritoriais;2.832;81;32;49;2.842;35;25;10;0,35;2.841;28;29;-1;-0,04;2.809;9;41;-32;-1,13;2.809;15;15;0;0,00;2.790;15;34;-19;-0,68;2.794;20;16;4;0,14;2.798;15;11;4;0,14;2.787;21;32;-11;-0,39;2.791;25;21;4;0,14;2.796;21;16;5;0,18;2.793;23;26;-3;-0,11;2.799;30;24;6;0,21;2.805;26;20;6;0,21;2.821;33;17;16;0,57;2.844;45;22;23;0,82;2.864;38;18;20;0,70;2.876;36;24;12;0,42;2.897;45;24;21;0,73;2.901;35;31;4;0,14;2.916;35;20;15;0,52;2.931;38;23;15;0,51;2.949;44;26;18;0,61;2.948;31;32;-1;-0,03;2.947;42;43;-1;-0,03;2.957;56;46;10;0,34;2.997;73;33;40;1,35;3.006;44;35;9;0,30;3.015;47;38;9;0,30;3.022;48;41;7;0,23;3.030;49;41;8;0,26;3.040;56;46;10;0,33;3.034;55;61;-6;-0,20;3.025;44;53;-9;-0,30;3.033;49;41;8;0,26;3.037;52;48;4;0,13;3.023;40;54;-14;-0,46;3.021;33;35;-2;-0,07;3.016;51;56;-5;-0,17;3.021;52;47;5;0,17;3.031;62;52;10;0,33;3.040;47;38;9;0,30;3.058;60;42;18;0,59;3.072;57;43;14;0,46;3.103;58;27;31;1,01;3.096;39;46;-7;-0,23;3.107;54;43;11;0,36;553;483;70;2,30;605;531;74;2,44;;;;;;;
;Não identificado***;---;0;0;0;---;0;1;-1;---;---;0;0;0;---;---;0;0;0;---;---;0;1;-1;---;---;0;0;0;---;---;0;0;0;---;---;0;0;0;---;---;0;0;0;---;---;0;0;0;---;---;0;0;0;---;---;0;0;0;---;---;0;0;0;---;---;0;0;0;---;---;0;0;0;---;---;13;0;13;---;---;2;1;1;---;---;0;0;0;---;---;3;3;0;---;---;2;1;1;---;---;1;0;1;---;---;1;3;-2;---;---;5;2;3;---;---;0;1;-1;---;---;0;0;0;---;---;0;1;-1;---;---;1;1;0;---;---;1;0;1;---;---;0;7;-7;---;---;1;1;0;---;---;6;13;-7;---;---;3;4;-1;---;---;3;2;1;---;---;2;5;-3;---;---;9;3;6;---;---;15;3;12;---;---;0;0;0;---;---;0;0;0;---;---;0;2;-2;---;---;0;1;-1;---;---;0;5;-5;---;---;1;6;-5;---;---;2;2;0;---;---;1;11;-10;---;---;5;11;-6;---;---;2;1;1;---;---;1;2;-1;---;12;41;-29;---;27;44;-17;---;;;;;;;
;;;;;;;;;;;;;;;;;;;;;;;;;;;;;;;;;;;;;;;;;;;;;;;;;;;;;;;;;;;;;;;;;;;;;;;;;;;;;;;;;;;;;;;;;;;;;;;;;;;;;;;;;;;;;;;;;;;;;;;;;;;;;;;;;;;;;;;;;;;;;;;;;;;;;;;;;;;;;;;;;;;;;;;;;;;;;;;;;;;;;;;;;;;;;;;;;;;;;;;;;;;;;;;;;;;;;;;;;;;;;;;;;;;;;;;;;;;;;;;;;;;;;;;;;;
;;;;;;;;;;;;;;;;;;;;;;;;;;;;;;;;;;;;;;;;;;;;;;;;;;;;;;;;;;;;;;;;;;;;;;;;;;;;;;;;;;;;;;;;;;;;;;;;;;;;;;;;;;;;;;;;;;;;;;;;;;;;;;;;;;;;;;;;;;;;;;;;;;;;;;;;;;;;;;;;;;;;;;;;;;;;;;;;;;;;;;;;;;;;;;;;;;;;;;;;;;;;;;;;;;;;;;;;;;;;;;;;;;;;;;;;;;;;;;;;;;;;;;;;;;
;Fonte: Novo Caged – MTE.;;;;;;;;;;;;;;;;;;;;;;;;;;;;;;;;;;;;;;;;;;;;;;;;;;;;;;;;;;;;;;;;;;;;;;;;;;;;;;;;;;;;;;;;;;;;;;;;;;;;;;;;;;;;;;;;;;;;;;;;;;;;;;;;;;;;;;;;;;;;;;;;;;;;;;;;;;;;;;;;;;;;;;;;;;;;;;;;;;;;;;;;;;;;;;;;;;;;;;;;;;;;;;;;;;;;;;;;;;;;;;;;;;;;;;;;;;;;;;;;;;;;;;;;;
;* A variação mensal do emprego toma como referência o estoque do mês anterior, sem ajustes.;;;;;;;;;;;;;;;;;;;;;;;;;;;;;;;;;;;;;;;;;;;;;;;;;;;;;;;;;;;;;;;;;;;;;;;;;;;;;;;;;;;;;;;;;;;;;;;;;;;;;;;;;;;;;;;;;;;;;;;;;;;;;;;;;;;;;;;;;;;;;;;;;;;;;;;;;;;;;;;;;;;;;;;;;;;;;;;;;;;;;;;;;;;;;;;;;;;;;;;;;;;;;;;;;;;;;;;;;;;;;;;;;;;;;;;;;;;;;;;;;;;;;;;;;
;"** Resultados acrescidos dos ajustes; a variação relativa toma como referência os estoques com ajustes do mês atual e do mesmo mês do ano anterior.";;;;;;;;;;;;;;;;;;;;;;;;;;;;;;;;;;;;;;;;;;;;;;;;;;;;;;;;;;;;;;;;;;;;;;;;;;;;;;;;;;;;;;;;;;;;;;;;;;;;;;;;;;;;;;;;;;;;;;;;;;;;;;;;;;;;;;;;;;;;;;;;;;;;;;;;;;;;;;;;;;;;;;;;;;;;;;;;;;;;;;;;;;;;;;;;;;;;;;;;;;;;;;;;;;;;;;;;;;;;;;;;;;;;;;;;;;;;;;;;;;;;;;;;;
;*** O estoque total considera os saldos não identificados.;;;;;;;;;;;;;;;;;;;;;;;;;;;;;;;;;;;;;;;;;;;;;;;;;;;;;;;;;;;;;;;;;;;;;;;;;;;;;;;;;;;;;;;;;;;;;;;;;;;;;;;;;;;;;;;;;;;;;;;;;;;;;;;;;;;;;;;;;;;;;;;;;;;;;;;;;;;;;;;;;;;;;;;;;;;;;;;;;;;;;;;;;;;;;;;;;;;;;;;;;;;;;;;;;;;;;;;;;;;;;;;;;;;;;;;;;;;;;;;;;;;;;;;;;
;**** O estoque da competência dezembro/2022 refere-se ao Estoque de referência do ano de 2023.;;;;;;;;;;;;;;;;;;;;;;;;;;;;;;;;;;;;;;;;;;;;;;;;;;;;;;;;;;;;;;;;;;;;;;;;;;;;;;;;;;;;;;;;;;;;;;;;;;;;;;;;;;;;;;;;;;;;;;;;;;;;;;;;;;;;;;;;;;;;;;;;;;;;;;;;;;;;;;;;;;;;;;;;;;;;;;;;;;;;;;;;;;;;;;;;;;;;;;;;;;;;;;;;;;;;;;;;;;;;;;;;;;;;;;;;;;;;;;;;;;;;;;;;;
;;;;;;;;;;;;;;;;;;;;;;;;;;;;;;;;;;;;;;;;;;;;;;;;;;;;;;;;;;;;;;;;;;;;;;;;;;;;;;;;;;;;;;;;;;;;;;;;;;;;;;;;;;;;;;;;;;;;;;;;;;;;;;;;;;;;;;;;;;;;;;;;;;;;;;;;;;;;;;;;;;;;;;;;;;;;;;;;;;;;;;;;;;;;;;;;;;;;;;;;;;;;;;;;;;;;;;;;;;;;;;;;;;;;;;;;;;;;;;;;;;;;;;;;;;
